customer_id,first_name,last_name,email,phone,address,city,state,zip_code,created_at
1,John,Doe,john.doe@email.com,555-0101,123 Main St,San Francisco,CA,94102,2024-01-01 10:00:00
2,Jane,Smith,jane.smith@email.com,555-0102,456 Oak Ave,Los Angeles,CA,90001,2024-01-02 11:00:00
3,Bob,Johnson,bob.johnson@email.com,555-0103,789 Pine Rd,Seattle,WA,98101,2024-01-03 12:00:00
4,Alice,Williams,alice.williams@email.com,555-0104,321 Elm St,Portland,OR,97201,2024-01-04 13:00:00
5,Charlie,Brown,charlie.brown@email.com,555-0105,654 Maple Dr,Austin,TX,78701,2024-01-05 14:00:00
6,Diana,Davis,diana.davis@email.com,555-0106,987 Cedar Ln,Denver,CO,80201,2024-01-06 15:00:00
7,Eve,Miller,eve.miller@email.com,555-0107,147 Birch Ct,Phoenix,AZ,85001,2024-01-07 16:00:00
8,Frank,Wilson,frank.wilson@email.com,555-0108,258 Spruce Way,Miami,FL,33101,2024-01-08 17:00:00
9,Grace,Moore,grace.moore@email.com,555-0109,369 Ash Blvd,Boston,MA,02101,2024-01-09 18:00:00
10,Henry,Taylor,henry.taylor@email.com,555-0110,741 Willow Pl,Chicago,IL,60601,2024-01-10 19:00:00
